CS-0000000016,Amelia Walker,CRD-0000000001,f-0000000015,CS-0000000001,CT-0000000001
CS-0000000017,Alexander Patel,CRD-0000000002,f-0000000002,CS-0000000002,CT-0000000002
CS-0000000018,Liam Thompson,CRD-0000000003,f-0000000004,CS-0000000003,CT-0000000003
CS-0000000019,Sophia Martinez,CRD-0000000004,f-0000000003,CS-0000000004,CT-0000000004
CS-0000000020,Elizabeth Baker,CRD-0000000005,f-0000000023,CS-0000000005,CT-0000000005
CS-0000000021,Ava Brown,CRD-0000000006,f-0000000007,CS-0000000006,CT-0000000006
CS-0000000022,Grace Turner,CRD-0000000007,f-0000000025,CS-0000000007,CT-0000000007
CS-0000000023,Harper Young,CRD-0000000008,f-0000000017,CS-0000000008,CT-0000000008
CS-0000000024,Chloe Carter,CRD-0000000009,f-0000000027,CS-0000000009,CT-0000000009
CS-0000000025,Emily Johnson,CRD-0000000010,f-0000000001,CS-0000000010,CT-0000000010
CS-0000000026,Samuel Morris,CRD-0000000011,f-0000000028,CS-0000000011,CT-0000000011
CS-0000000027,William Green,CRD-0000000012,f-0000000020,CS-0000000012,CT-0000000012
CS-0000000028,Benjamin Robinson,CRD-0000000013,f-0000000014,CS-0000000013,CT-0000000013
CS-0000000029,James Hernandez,CRD-0000000014,f-0000000016,CS-0000000014,CT-0000000014
CS-0000000030,Daniel Mitchell,CRD-0000000015,f-0000000024,CS-0000000015,CT-0000000015